symbol,date,open,high,low,close,volume
ALBUS,2026-01-02,522.2412645831347,522.2412645831347,520.2115924606727,520.4758937885043,0
ALBUS,2026-01-05,523.0626716537189,525.6979736766732,519.9329118333524,522.8154427550128,0
ALBUS,2026-01-06,521.6426907151692,522.7718888210641,520.3632835179175,521.5675861694907,0
ALBUS,2026-01-07,516.405012375369,519.358479726094,513.6172192107183,516.4878494684061,0
ALBUS,2026-01-08,514.1992870273037,516.3312724428308,511.9488429356286,514.1400576892297,0
ALBUS,2026-01-09,509.74431559640203,509.74431559640203,508.0445781671983,508.515631512863,0
ALBUS,2026-01-12,510.18530767537646,512.650821347811,506.0311230163537,509.34097218208234,0
ALBUS,2026-01-13,518.4000110969738,521.6308184945241,514.4987096722444,518.0647640833843,0
ALBUS,2026-01-14,513.8648401761525,517.4716342618141,513.4834975456622,515.4775659037381,0
ALBUS,2026-01-15,512.899662597466,513.8823288335045,510.3465193367079,512.1144240851062,0
ALBUS,2026-01-16,514.5389918026121,517.4949153459409,513.6998442625935,515.5973798042671,0
ALBUS,2026-01-19,519.9772173603667,519.9772173603667,517.2141650396977,518.2764739206096,0
ALBUS,2026-01-20,517.4191925238922,522.6185532670245,516.1809326011178,519.3997429340711,0
ALBUS,2026-01-21,513.8828080637189,515.5932429716452,512.5968747391817,514.0950588554134,0
ALBUS,2026-01-22,514.3660084743785,516.3822103561979,512.3725162079639,514.3773632820809,0
ALBUS,2026-01-23,517.0910393062405,520.4070552108719,517.0910393062405,519.1541249112272,0
ALBUS,2026-01-26,513.9483875205901,513.9483875205901,509.9020220214521,511.30701895674525,0
ALBUS,2026-01-27,511.1946774956496,511.1946774956496,508.2295656881628,508.9647906220857,0
ALBUS,2026-01-28,497.2398217142926,501.1759219013262,494.6887215596664,497.9323217304963,0
ALBUS,2026-01-29,491.86397387762923,492.5395399573876,488.9161773475452,490.7278586524664,0
ALBUS,2026-01-30,480.9793211147418,483.2833914823829,477.5836786503205,480.43353506635174,0
ALBUS,2026-02-02,475.7517680988102,481.44228771361236,475.7517680988102,479.5114632666192,0
ALBUS,2026-02-03,473.0539092360877,473.9331285206083,471.46451286957426,472.6988206950913,0
ALBUS,2026-02-04,474.5796980416537,476.25558683194623,473.0785173325841,474.6670520822652,0
ALBUS,2026-02-05,476.1077762124682,477.35957279716615,474.61831638625796,475.988944591712,0
ALBUS,2026-02-06,473.8143614555338,477.2590059336067,473.4410721886838,475.35003906114525,0
ALBUS,2026-02-09,461.25081978682044,463.12386192381825,460.1237997416211,461.62383083271965,0
ALBUS,2026-02-10,458.81684795426844,460.62322745413593,457.50145976852605,459.062343611331,0
ALBUS,2026-02-11,460.84509177254944,460.84509177254944,458.63761606079754,459.2083434405374,0
ALBUS,2026-02-12,460.70895078529384,461.3454850637319,459.1489018111287,460.2471934374303,0
ALBUS,2026-02-13,452.27275032770945,455.5856040179835,448.9749712213822,452.28028761968284,0
ALBUS,2026-02-16,452.16423964025074,452.16423964025074,448.90351796262064,450.09967295221037,0
ALBUS,2026-02-17,444.50428371760785,446.08827121164717,444.4036275733837,445.2459493925154,0
ALBUS,2026-02-18,440.82668954660045,443.4054277384815,439.27918376682123,441.3423057526514,0
ALBUS,2026-02-19,444.96088945588224,450.4481570328618,444.3505117759966,447.3993344044292,0
ALBUS,2026-02-20,445.57136194447594,445.57136194447594,442.9994804501869,443.4837431421875,0
ALBUS,2026-02-23,444.9935133136087,445.2996550145222,442.1200689208002,443.7098619676612,0
ALBUS,2026-02-24,450.08224445146294,450.08224445146294,447.6196690829786,448.8476691282912,0
ALBUS,2026-02-25,447.01182241796755,447.01182241796755,445.90337595104364,446.1166023113069,0
ALBUS,2026-02-26,446.0675178129145,448.35928332464044,443.48104744262207,445.9201653836313,0
ALBUS,2026-02-27,447.2026118530229,448.68039694890416,445.14699700633514,446.9136969776196,0
ALBUS,2026-03-02,447.3201600366359,449.5131962948623,445.8040012809158,447.65859878788905,0
ALBUS,2026-03-03,441.25336214749126,442.62481146303196,440.421278511506,441.523044987269,0
ALBUS,2026-03-04,442.3966138087995,444.4961769680752,440.15293172441983,442.3245543462475,0
ALBUS,2026-03-05,452.04196287152223,452.04196287152223,448.6863532739569,450.00098854736586,0
ALBUS,2026-03-06,442.8582401148042,443.7633196244756,440.47907220691314,442.1211959156944,0
ALBUS,2026-03-09,447.0280033176516,447.90382165397926,446.3090123655199,447.1064170097496,0
ALBUS,2026-03-10,447.3714327991931,448.8530048503428,447.3714327991931,448.15039713169654,0
ALBUS,2026-03-11,444.2664197492731,448.0837468443404,442.14497432839113,445.11436058636576,0
ALBUS,2026-03-12,458.53326036435845,458.53326036435845,454.97659625757257,456.3391293362147,0
ALBUS,2026-03-13,461.6477997361663,463.05981853114446,458.8344445843069,460.94713155772564,0
ALBUS,2026-03-16,454.8622012343947,456.55838773427575,452.9816949133473,454.77004132381154,0
ALBUS,2026-03-17,455.1135722135306,457.00710685057606,454.16633267593284,455.58671976325445,0
ALBUS,2026-03-18,457.63579013565897,460.5336804045318,457.63579013565897,459.1635006765199,0
ALBUS,2026-03-19,458.44501780542436,460.9489736252266,456.12501297079893,458.53699329801276,0
ALBUS,2026-03-20,463.93916805400363,464.2979155027994,461.1548329176676,462.7263742102335,0
ALBUS,2026-03-23,462.2285110424004,464.4844042302743,461.0625528175414,462.7734785239079,0
ALBUS,2026-03-24,466.595491746028,468.80220614254574,465.0253935369954,466.9137998397706,0
ALBUS,2026-03-25,475.1562065854179,478.4921714930776,472.4508148765011,475.4714931847894,0
ALBUS,2026-03-26,472.21184592317235,474.5873476925792,469.5259356579432,472.0566416752612,0
ALBUS,2026-03-27,471.37132373926755,475.8918050913979,471.37132373926755,473.6348400977535,0
ALBUS,2026-03-30,471.10005846639893,472.78734175078137,470.0786224643171,471.43298210754926,0
ALBUS,2026-03-31,471.36733670969534,473.1627807041759,471.36733670969534,472.57864393575744,0
ALBUS,2026-04-01,467.5508351231856,469.06416407224356,463.56254329521147,466.31335368372754,0
ALBUS,2026-04-02,462.4284070616338,466.24982039108033,460.7500283019232,463.49992434650176,0
ALBUS,2026-04-03,463.62753967329894,464.5473805893898,461.1052642137663,462.82632240157807,0
ALBUS,2026-04-06,470.40777414440305,470.646803143374,465.885689522884,468.266246333129,0
ALBUS,2026-04-07,474.7263197609903,477.8166927954977,472.5300222567679,475.1733575261328,0
ALBUS,2026-04-08,467.2624110620857,470.75781337219195,465.45662186538163,468.1072176187868,0
ALBUS,2026-04-09,464.3487056136881,466.79370875985325,461.37066066128693,464.0821847105701,0
ALBUS,2026-04-10,468.117069309266,469.5658310739035,466.67400651406604,468.11991879398477,0
ALBUS,2026-04-13,456.10824548914803,460.6879029033171,454.255897425691,457.47190016450406,0
ALBUS,2026-04-14,455.9755671017722,456.03205533131575,454.65981218182145,455.34593375656857,0
ALBUS,2026-04-15,457.9767057810384,457.9767057810384,452.6187198776694,455.224170907854,0
ALBUS,2026-04-16,462.20084438689935,464.8662020412639,460.25183892276334,462.55902048201364,0
ALBUS,2026-04-17,466.53740234631863,469.5044577747177,464.13858876721343,466.8215232709656,0
ALBUS,2026-04-20,463.9518274062276,469.02146002138295,461.8001306560574,465.41079533872016,0
ALBUS,2026-04-21,464.21803420799137,467.0060703321734,460.5420883663379,463.77407934925566,0
ALBUS,2026-04-22,461.06878838222667,463.59131492065444,461.06878838222667,462.8000905112067,0
ALBUS,2026-04-23,470.19675019963734,472.0571254543377,470.19675019963734,471.7633787599441,0
ALBUS,2026-04-24,471.57251943192546,472.41564983559755,467.1225003638765,469.76907509973705,0
ALBUS,2026-04-27,467.20915395626247,469.40461592468347,467.20915395626247,468.48171857231773,0
ALBUS,2026-04-28,472.4193150677261,472.76359177217955,469.01982448574876,470.8917081289642,0
ALBUS,2026-04-29,472.785384266203,473.30608380778295,467.9602043246065,470.6331440661947,0
ALBUS,2026-04-30,470.3086443862254,470.3086443862254,469.6082484859988,469.943038396136,0
ALBUS,2026-05-01,464.89030957937894,464.89030957937894,464.01770166386154,464.1197898745504,0
ALBUS,2026-05-04,467.1937705536815,467.1937705536815,462.3746953911993,464.47346427682584,0
ALBUS,2026-05-05,462.15073079965526,464.3143911501791,460.53290163932724,462.4236463947532,0
ALBUS,2026-05-06,468.52730701929625,471.0090185804802,467.71560288489474,469.36231073268743,0
ALBUS,2026-05-07,471.5589372231921,475.4115407932575,471.55070985739854,473.481125325328,0
ALBUS,2026-05-08,473.82944669783996,474.84987541068523,472.69046056222305,473.77016798645417,0
ALBUS,2026-05-11,480.1365367303876,480.1365367303876,477.55026139590404,478.0153757032832,0
ALBUS,2026-05-12,477.870184217474,478.2456193233285,474.75127485718457,476.49844709025655,0
ALBUS,2026-05-13,481.62206319193393,483.980419899307,481.62206319193393,482.98711698983544,0
ALBUS,2026-05-14,482.15023741880754,483.73535449246214,482.15023741880754,483.39067888127505,0
ALBUS,2026-05-15,486.48794156703343,489.66653615883155,484.78321556300506,487.2248758609183,0
ALBUS,2026-05-18,480.5885386691558,482.0292325910648,478.3058188950941,480.1675257430794,0
ALBUS,2026-05-19,482.3061563292023,484.9262060606209,480.2806105646983,482.6034083126596,0
ALBUS,2026-05-20,473.6553374974786,474.30763775592555,472.3939655570683,473.35080165649697,0
ALBUS,2026-05-21,462.7572603667928,463.58655328444314,461.1047904464743,462.3456718654587,0
ALBUS,2026-05-22,460.6609811202695,461.99728251795005,460.1512205697419,461.074251543846,0
ALBUS,2026-05-25,456.47751147775347,457.54910203028754,455.5159651932904,456.53253361178895,0
ALBUS,2026-05-26,458.1277996324525,459.8543472214641,455.8337295137576,457.84403836761084,0
ALBUS,2026-05-27,470.64953839585615,471.9140027026325,469.62225565051887,470.76812917657566,0
ALBUS,2026-05-28,467.21728261281095,468.71085530516143,464.3143169950071,466.5125861500843,0
ALBUS,2026-05-29,466.0507864843212,466.0507864843212,461.2808985325854,463.4496165052875,0
ALBUS,2026-06-01,465.83750238030643,468.75517404778253,461.2681865518371,465.0116802998098,0
ALBUS,2026-06-02,468.2704910650949,468.7606836387728,467.6235181495665,468.19210089416964,0
ALBUS,2026-06-03,465.2573150533526,470.3236146834219,464.9218196560453,467.62271716973356,0
ALBUS,2026-06-04,467.4319802839314,468.672574595587,465.10458956948486,466.88858208253595,0
ALBUS,2026-06-05,468.51262427529105,473.1366633460833,468.51262427529105,471.26482747289106,0
ALBUS,2026-06-08,472.63481658062614,475.1634079186356,472.63481658062614,474.64117335648336,0
ALBUS,2026-06-09,470.41515841543423,470.65712858882785,467.7671455815141,469.212137085171,0
ALBUS,2026-06-10,470.1826668763913,471.76274830781534,466.6144408331558,469.1885945704856,0
ALBUS,2026-06-11,469.59862112203183,471.6116911006963,468.00820814293115,469.80994962181376,0
ALBUS,2026-06-12,461.93823785106974,466.25276725941325,461.93823785106974,464.32021602973526,0
ALBUS,2026-06-15,465.67028352057184,467.78334036550825,464.5959396640917,466.1896400148,0
ALBUS,2026-06-16,460.88969247985864,464.7438281740566,458.9163274074684,461.8300777907625,0
ALBUS,2026-06-17,468.56298223626953,469.52008310497115,465.81889544860763,467.6694892767894,0
ALBUS,2026-06-18,472.3523136973371,472.3523136973371,468.9864450353877,469.1745048832029,0
ALBUS,2026-06-19,470.4064157917922,471.330193052786,468.8707637737788,470.1004784132824,0
ALBUS,2026-06-22,466.1061718961694,467.22760710483925,466.1061718961694,467.1984507511787,0
ALBUS,2026-06-23,465.31424017502115,468.1227498093637,465.31424017502115,466.9540214080424,0
ALBUS,2026-06-24,456.22656768286384,457.6447823053224,454.961929111709,456.3033557085157,0
ALBUS,2026-06-25,450.3163933990213,453.5592652696415,447.55145225278153,450.5553587612115,0
ALBUS,2026-06-26,451.36417262948333,454.7832406399781,451.0744420512609,452.9288413456195,0
ALBUS,2026-06-29,442.0580597351017,442.63511667333125,441.1724958676808,441.90380627050604,0
ALBUS,2026-06-30,445.2753312509769,447.76470705227445,445.2753312509769,446.81807815411804,0
BELLATRIX,2026-01-02,146.486005956194,147.14726231655465,146.486005956194,146.88926883304893,0
BELLATRIX,2026-01-05,148.86515320349096,149.29001593633402,148.13972063856662,148.71486828745032,0
BELLATRIX,2026-01-06,150.30548896813104,151.19385657943897,150.0123291587649,150.60309286910194,0
BELLATRIX,2026-01-07,149.0052441933255,150.67403721123586,148.70379455489692,149.6889158830664,0
BELLATRIX,2026-01-08,151.02480430361481,151.72007485282475,149.39143892519246,150.5557568890086,0
BELLATRIX,2026-01-09,150.47989278281156,150.8170867786332,149.69736334234292,150.25722506048808,0
BELLATRIX,2026-01-12,149.7191721213462,149.86685454406881,149.12911544646937,149.4979849952691,0
BELLATRIX,2026-01-13,148.61897430199934,149.4072401412546,148.25527556686413,148.83125785405934,0
BELLATRIX,2026-01-14,146.9215313929461,146.9215313929461,146.0615256036814,146.46940737699703,0
BELLATRIX,2026-01-15,143.7923262343969,144.2578312944981,143.5339967523854,143.89591402344175,0
BELLATRIX,2026-01-16,145.69361718667525,145.77978744461436,144.65212753656303,145.2159574905887,0
BELLATRIX,2026-01-19,144.42905659767223,145.10225989560143,144.42905659767223,144.82515273184893,0
BELLATRIX,2026-01-20,144.77178049380865,145.90021756579512,144.38717768471997,145.14369762525754,0
BELLATRIX,2026-01-21,146.93033981751395,147.3970242382367,146.28333869888658,146.84018146856164,0
BELLATRIX,2026-01-22,143.4573796606431,144.40720572046337,143.11335840511214,143.76028206278775,0
BELLATRIX,2026-01-23,142.64541656925923,142.87429333931027,141.8396088734834,142.35695110639682,0
BELLATRIX,2026-01-26,142.7110020591333,142.96272308910275,142.23675036613056,142.59973672761666,0
BELLATRIX,2026-01-27,142.81842168798792,143.51630746168854,142.81842168798792,143.21497157818916,0
BELLATRIX,2026-01-28,142.54253960421968,143.01380355393124,142.0089705873456,142.51138707063842,0
BELLATRIX,2026-01-29,144.0726473488535,144.64324506331567,143.8060270147561,144.2246360390359,0
BELLATRIX,2026-01-30,144.9285013765343,145.17713935063455,143.88566378800914,144.53140156932184,0
BELLATRIX,2026-02-02,142.11502265221372,142.95350010847008,141.81694237469847,142.38522124158428,0
BELLATRIX,2026-02-03,140.5619977945152,140.92694263439617,140.5619977945152,140.7474352549776,0
BELLATRIX,2026-02-04,142.5738088316971,142.64491319596885,141.47031192927233,142.0576125626206,0
BELLATRIX,2026-02-05,143.7523467616059,143.7523467616059,142.6057074652342,142.79337782671442,0
BELLATRIX,2026-02-06,140.3569829785152,140.3569829785152,139.13421740751983,139.5202762553057,0
BELLATRIX,2026-02-09,141.76519588830587,142.22182340171872,141.254801636982,141.73831251935036,0
BELLATRIX,2026-02-10,142.79573191328168,142.79573191328168,142.68055557407249,142.7020388745339,0
BELLATRIX,2026-02-11,145.62994119111028,145.62994119111028,144.35667400122855,144.96305662642598,0
BELLATRIX,2026-02-12,144.1855689746839,144.85992734192536,143.61890102878436,144.23941418535486,0
BELLATRIX,2026-02-13,143.25019221040964,144.20028846875158,143.1417343602248,143.6710114144882,0
BELLATRIX,2026-02-16,141.73500088725177,142.1318244471294,141.23881998728163,141.6853222172055,0
BELLATRIX,2026-02-17,146.20435669586553,146.4815125741834,145.5316542826311,146.00658342840725,0
BELLATRIX,2026-02-18,145.27895390278053,145.93934511017068,145.27895390278053,145.64122901089942,0
BELLATRIX,2026-02-19,147.6501658116897,148.89647792276457,147.6501658116897,148.38298387847766,0
BELLATRIX,2026-02-20,146.54164388537103,147.6020418062921,146.54164388537103,147.1760001953149,0
BELLATRIX,2026-02-23,147.7009384206963,148.02332903781058,146.79001550511109,147.40667227146082,0
BELLATRIX,2026-02-24,144.09334139744053,144.65180036306347,144.09334139744053,144.42191997508985,0
BELLATRIX,2026-02-25,143.6414807878823,144.34493588877103,143.05989719946484,143.70241654411794,0
BELLATRIX,2026-02-26,145.44341945533884,145.97376964708414,144.72769590043796,145.35073277376105,0
BELLATRIX,2026-02-27,143.39233034767724,143.65846713138714,142.59450082130226,143.1264839763447,0
BELLATRIX,2026-03-02,144.77636764113805,145.3743589928925,144.46958493341683,144.92197196315465,0
BELLATRIX,2026-03-03,145.6690628358617,146.1939291328905,144.70896301993733,145.45144607641393,0
BELLATRIX,2026-03-04,143.1998437951485,143.67955215402705,143.1998437951485,143.58323700877554,0
BELLATRIX,2026-03-05,142.50969284365553,143.3665428106487,141.96246538925848,142.66450409995358,0
BELLATRIX,2026-03-06,141.38815515711,142.4602485133475,141.1877821931758,141.82401535326164,0
BELLATRIX,2026-03-09,142.1641362373776,142.3301110134054,141.03604787478164,141.68307944409352,0
BELLATRIX,2026-03-10,140.70672333402243,141.3889073492179,140.0474059304036,140.71815663981076,0
BELLATRIX,2026-03-11,138.96347938178312,139.64739499150895,138.89735442871674,139.27237471011284,0
BELLATRIX,2026-03-12,138.56213027454743,139.1916177206823,138.22590516247192,138.7087614415771,0
BELLATRIX,2026-03-13,136.8640927842444,137.67751105255286,136.23287571767463,136.95519338511374,0
BELLATRIX,2026-03-16,135.0815745757722,135.45357998764354,134.14299595254224,134.79828797009287,0
BELLATRIX,2026-03-17,134.02186759078026,135.26084441341612,134.02186759078026,134.6665038272698,0
BELLATRIX,2026-03-18,135.6230575693623,136.17853182220497,135.6230575693623,136.04638187540178,0
BELLATRIX,2026-03-19,133.3674958837657,134.19666137486294,132.84123729044657,133.51894933265476,0
BELLATRIX,2026-03-20,134.4851406354613,134.4851406354613,132.62510514924227,133.47117115975868,0
BELLATRIX,2026-03-23,132.76079411016022,133.17810036661075,131.58440404271596,132.38125220466335,0
BELLATRIX,2026-03-24,130.74199503406257,131.37004261509117,130.20140518424378,130.7857238996675,0
BELLATRIX,2026-03-25,132.36129423469293,132.36129423469293,131.96233039729313,132.0791732860185,0
BELLATRIX,2026-03-26,132.0178105596509,132.0178105596509,130.43578401243104,131.20795458513092,0
BELLATRIX,2026-03-27,133.4412954364636,134.029746837235,133.040121915229,133.534934376232,0
BELLATRIX,2026-03-30,132.0928662366127,132.37906669944724,132.0928662366127,132.23822779039935,0
BELLATRIX,2026-03-31,133.28268354502694,133.43123135118475,132.16846024493418,132.79984579805947,0
BELLATRIX,2026-04-01,132.5814413682045,132.5814413682045,132.2507189794806,132.38517683607935,0
BELLATRIX,2026-04-02,131.4043738705061,131.4043738705061,130.95572753510467,131.14025746201077,0
BELLATRIX,2026-04-03,131.81424384880407,132.37593682030612,131.6551103541407,132.0155235872234,0
BELLATRIX,2026-04-06,132.47788680488298,132.57964820902134,130.85541766397938,131.71753293650036,0
BELLATRIX,2026-04-07,133.30155862750954,133.30155862750954,132.18925233087975,132.62137378535505,0
BELLATRIX,2026-04-08,132.71807748350093,133.0949064544578,131.8913433660413,132.49312491024955,0
BELLATRIX,2026-04-09,130.99402700812342,131.70557548067583,129.74575307367152,130.72566427717368,0
BELLATRIX,2026-04-10,129.7196753377666,131.45156794657782,129.57529134428995,130.5134296454339,0
BELLATRIX,2026-04-13,130.7923425798342,131.03778404480354,130.0474113567308,130.54259770076717,0
BELLATRIX,2026-04-14,131.92303082803625,132.4641358596798,131.5356596784117,131.99989776904576,0
BELLATRIX,2026-04-15,130.6898280160537,130.71287021484437,130.3269857683839,130.51992799161414,0
BELLATRIX,2026-04-16,130.67316042204146,130.74667111225747,130.0656682247071,130.40616966848228,0
BELLATRIX,2026-04-17,127.55747115503137,128.30758727993728,127.06882863568848,127.68820795781286,0
BELLATRIX,2026-04-20,127.98652499725013,129.25527859544735,127.98652499725013,128.63891020675138,0
BELLATRIX,2026-04-21,127.06954731157181,127.46516776561984,126.39376212725014,126.92946494643499,0
BELLATRIX,2026-04-22,123.8818880242361,124.90169160839221,123.41437686148552,124.15803423493887,0
BELLATRIX,2026-04-23,123.89736838193026,124.32472299432055,123.71571823489187,124.0202206146062,0
BELLATRIX,2026-04-24,125.39862526245646,126.1148689657546,125.13803612260784,125.62645254418122,0
BELLATRIX,2026-04-27,123.17353685296897,123.9734089452603,122.62636115913617,123.29988505219823,0
BELLATRIX,2026-04-28,120.80895023104159,122.28055465028487,120.80895023104159,121.6518225319228,0
BELLATRIX,2026-04-29,120.96339091877817,121.26362070294236,119.78313765428014,120.52337917861125,0
BELLATRIX,2026-04-30,118.94361318814924,119.42306761815517,118.28349266650666,118.85328014233092,0
BELLATRIX,2026-05-01,119.74584983390554,119.75145884005481,118.94438168409523,119.34792026207502,0
BELLATRIX,2026-05-04,118.85169718912029,118.85169718912029,117.59175683362177,118.14994259351145,0
BELLATRIX,2026-05-05,117.09248796966831,117.31811344205741,116.85099066347084,117.08455205276412,0
BELLATRIX,2026-05-06,117.22252183672603,117.94481282998777,117.22252183672603,117.85982630886454,0
BELLATRIX,2026-05-07,116.43632621392253,117.35199230494746,116.14682468916828,116.74940849705787,0
BELLATRIX,2026-05-08,116.88562671175663,117.76667838943146,116.85406953000769,117.31037395971958,0
BELLATRIX,2026-05-11,115.72999060972403,116.43960932062849,115.36938907386066,115.90449919724458,0
BELLATRIX,2026-05-12,114.21239425491196,114.25415030399262,114.11607052681234,114.18511041540248,0
BELLATRIX,2026-05-13,110.98231250825891,112.0180426567582,110.98231250825891,111.65296293037275,0
BELLATRIX,2026-05-14,114.24632330073987,114.44865807253656,113.80947008379448,114.12906407816553,0
BELLATRIX,2026-05-15,113.13089082839363,113.9039831351895,113.13089082839363,113.6458280258246,0
BELLATRIX,2026-05-18,114.03503653246483,114.03503653246483,113.87528757685813,113.93339702881731,0
BELLATRIX,2026-05-19,113.80801156048068,114.22454076379655,113.46627274091557,113.84540675235606,0
BELLATRIX,2026-05-20,113.91125170703211,114.67922378430977,113.3578382688151,114.01853102656244,0
BELLATRIX,2026-05-21,114.01591827310189,114.58397024647688,113.49784567824626,114.04090796236157,0
BELLATRIX,2026-05-22,116.4468777094234,116.96210923324294,116.30939066763362,116.63574995043828,0
BELLATRIX,2026-05-25,114.93302952037149,115.60175047038726,114.68744523864461,115.14459785451594,0
BELLATRIX,2026-05-26,112.39709716315474,113.59024394291646,112.34452993739286,112.96738694015465,0
BELLATRIX,2026-05-27,111.54931320124874,111.72889206308759,111.38956554178638,111.55922880243698,0
BELLATRIX,2026-05-28,110.35036852108769,110.35036852108769,109.33112949933759,109.74276659534137,0
BELLATRIX,2026-05-29,111.34423187020563,111.34423187020563,110.12359284066126,110.68658914024624,0
BELLATRIX,2026-06-01,112.1800125571632,112.33631066637133,111.13753944561802,111.73692505599467,0
BELLATRIX,2026-06-02,110.64496975885844,111.22838859834052,109.59398057437853,110.41118458635952,0
BELLATRIX,2026-06-03,108.32053048899726,109.22136836560365,107.86024680629178,108.54080758594772,0
BELLATRIX,2026-06-04,108.50405674500439,108.53612988228694,107.5367655869705,108.03644773462872,0
BELLATRIX,2026-06-05,109.79266668457753,110.31672227679421,109.30559168251045,109.81115697965232,0
BELLATRIX,2026-06-08,106.09348663995983,106.70688861209254,105.52393718677015,106.11541289943135,0
BELLATRIX,2026-06-09,106.65216669883016,107.05726852429322,106.43358786270556,106.7454281934994,0
BELLATRIX,2026-06-10,105.3632189496944,105.74702904700877,104.92128847675261,105.33415876188069,0
BELLATRIX,2026-06-11,106.47558065052027,107.23447774928572,105.99508560204366,106.61478167566469,0
BELLATRIX,2026-06-12,105.1760593411354,106.03516789584606,104.36983534928123,105.20250162256364,0
BELLATRIX,2026-06-15,104.45987092226702,105.18669250036592,104.4150509365261,104.80087171844602,0
BELLATRIX,2026-06-16,102.76708538517208,103.28398616189551,102.48084515597529,102.8824156589354,0
BELLATRIX,2026-06-17,102.33768861375759,102.33768861375759,101.19536859304542,101.64228569695754,0
BELLATRIX,2026-06-18,103.28383856538701,103.99614891932077,102.6146648477049,103.30540688351283,0
BELLATRIX,2026-06-19,104.21128475195057,104.69677288717527,103.87513028134303,104.28595158425915,0
BELLATRIX,2026-06-22,103.90868571853994,104.46283880855894,103.02315201415503,103.74299541135699,0
BELLATRIX,2026-06-23,102.84229377670476,102.84229377670476,102.41219017266118,102.62428229551443,0
BELLATRIX,2026-06-24,99.94319628417037,100.64205891870525,99.91445444690773,100.27825668280649,0
BELLATRIX,2026-06-25,99.70375493104581,100.12527982362218,99.40623415516963,99.76575698939591,0
BELLATRIX,2026-06-26,99.96350896176499,100.2444505701713,99.13331599459084,99.68888328238107,0
BELLATRIX,2026-06-29,99.62914100653451,100.1548577095005,98.94225262694363,99.54855516822207,0
BELLATRIX,2026-06-30,99.43317483739649,99.49432864016039,99.29928997779413,99.39680930897727,0
CEDERY,2026-01-02,891.6075782092232,901.8836564637661,891.6075782092232,897.102494776058,0
CEDERY,2026-01-05,887.7872072550617,892.0260962229974,887.7872072550617,890.3697682443145,0
CEDERY,2026-01-06,896.0454106603798,896.0454106603798,887.8963070263321,891.7892136798398,0
CEDERY,2026-01-07,883.9621995782752,888.4399584466308,883.9621995782752,886.7730553424869,0
CEDERY,2026-01-08,905.081595506742,908.9794465107743,897.6531949473414,903.3163207290579,0
CEDERY,2026-01-09,879.3008237019903,890.5498861561684,875.3181393997771,882.9340127779728,0
CEDERY,2026-01-12,877.1743056766371,883.4379813377637,869.3377583754454,876.3878698566047,0
CEDERY,2026-01-13,870.5273882625394,874.4666819472466,868.2597202464835,871.363201096865,0
CEDERY,2026-01-14,878.6985604060906,883.6727432502148,874.0397786082686,878.8562609292418,0
CEDERY,2026-01-15,887.3163257238716,889.5624280129796,882.0472677320515,885.8048478725156,0
CEDERY,2026-01-16,906.049449613524,906.049449613524,897.5114887646956,901.3007479976909,0
CEDERY,2026-01-19,885.4841431917357,891.2465143676072,878.6879195966201,884.9672169821137,0
CEDERY,2026-01-20,893.8422529367177,894.7255436684618,892.2922672217084,893.508905445085,0
CEDERY,2026-01-21,888.3027043030846,896.3481863745506,885.460286771108,890.9042365728293,0
CEDERY,2026-01-22,885.8945537715797,887.7976940493633,880.8961656942025,884.3469298717829,0
CEDERY,2026-01-23,889.9682367515042,896.6971796178799,884.5542439523834,890.6257117851317,0
CEDERY,2026-01-26,883.5744001435438,885.2300141482466,877.5189275357598,881.3744708420031,0
CEDERY,2026-01-27,860.0826593646905,862.47897064956,857.9119246182577,860.1954476339088,0
CEDERY,2026-01-28,861.3715832575756,861.3715832575756,852.9938376714563,856.896384382596,0
CEDERY,2026-01-29,837.1282145623277,846.7460049425536,837.1282145623277,842.1378818739831,0
CEDERY,2026-01-30,835.3631763202676,839.5113759492018,832.7029097528776,836.1071428510397,0
CEDERY,2026-02-02,842.5696908092036,844.529071482167,836.1658051138003,840.3474382979836,0
CEDERY,2026-02-03,843.1178865134514,846.5012748921179,841.5104157202429,844.0058453061804,0
CEDERY,2026-02-04,858.7027893958686,860.9788551401662,858.7027893958686,860.7483744401338,0
CEDERY,2026-02-05,858.5186436239829,864.187404262774,854.2205570341639,859.2039806484689,0
CEDERY,2026-02-06,840.5513106441022,848.6019056465051,839.4890513621559,844.0454785043305,0
CEDERY,2026-02-09,837.222623485561,840.5196816124028,833.3282337904027,836.9239577014027,0
CEDERY,2026-02-10,834.301893048538,834.301893048538,824.811770400268,828.2380430327346,0
CEDERY,2026-02-11,819.5176297666561,821.671705638527,811.7525870993246,816.7121463689258,0
CEDERY,2026-02-12,818.7497936428733,824.017810510492,818.7497936428733,821.4828896593093,0
CEDERY,2026-02-13,813.4991318838187,817.7461125387059,813.4991318838187,815.6361174726776,0
CEDERY,2026-02-16,796.0204894998374,799.8755880217058,794.1007706558124,796.9881793387591,0
CEDERY,2026-02-17,806.5868977633008,809.2928653611734,799.0346399105094,804.1637526358414,0
CEDERY,2026-02-18,801.5908368889664,804.5562036572973,801.5908368889664,803.5712068109792,0
CEDERY,2026-02-19,805.8317777712881,812.6587015519486,802.3490412484006,807.5038714001746,0
CEDERY,2026-02-20,811.1615557845598,811.2159587483015,806.8125035245973,809.0142311364494,0
CEDERY,2026-02-23,817.7747761775152,817.7747761775152,814.1920179475005,815.6589912472758,0
CEDERY,2026-02-24,815.6052832528997,821.8447834533357,811.1971480975969,816.5209657754663,0
CEDERY,2026-02-25,826.4406405202939,832.377458468442,826.0650616937783,829.2212600811101,0
CEDERY,2026-02-26,830.0838644603937,835.128300065811,830.0838644603937,833.9611453638835,0
CEDERY,2026-02-27,836.6388135783844,841.1489733136779,835.6448408058915,838.3969070597847,0
CEDERY,2026-03-02,837.3950577922922,847.9782755883967,837.3950577922922,843.0363083465862,0
CEDERY,2026-03-03,830.7902098772299,834.2175591190963,823.6335913737036,828.9255752464,0
CEDERY,2026-03-04,826.2214732179172,830.3901167054325,825.1820135337764,827.7860651196045,0
CEDERY,2026-03-05,826.9016691302003,829.6832865071427,821.7355994128335,825.7094429599881,0
CEDERY,2026-03-06,832.9077015459756,832.9077015459756,823.7693313299385,828.2652955503361,0
CEDERY,2026-03-09,818.2287870955734,818.2287870955734,813.1493138919975,815.3595473491424,0
CEDERY,2026-03-10,829.1318374461622,835.923891563023,828.086283579215,832.005087571119,0
CEDERY,2026-03-11,835.7216242856241,836.8289904020859,830.2668939456761,833.547942173881,0
CEDERY,2026-03-12,824.8676599803856,824.8676599803856,819.6055296758033,822.0123416808244,0
CEDERY,2026-03-13,804.0063648053085,808.2407173022366,803.3805444085209,805.8106308553787,0
CEDERY,2026-03-16,801.2791033392732,806.8992902435314,800.2552027341859,803.5772464888587,0
CEDERY,2026-03-17,802.9304385730177,806.455485771123,799.9340151115621,803.1947504413425,0
CEDERY,2026-03-18,792.9513420568289,799.0652606890036,792.9513420568289,796.779284910629,0
CEDERY,2026-03-19,801.6607982892823,801.6607982892823,795.6266144818413,798.1392444456362,0
CEDERY,2026-03-20,786.7784616387344,797.4318158564373,786.7784616387344,792.4971938069187,0
CEDERY,2026-03-23,795.5891558595426,801.7739777358528,794.7053193585409,798.2396485471968,0
CEDERY,2026-03-24,791.1640479262998,796.3732372486728,787.235515863704,791.8043765561885,0
CEDERY,2026-03-25,791.374150858152,796.98478442774,786.8425174940547,791.9136509608974,0
CEDERY,2026-03-26,802.1508462385555,805.9024906025966,797.6000602683276,801.7512754354622,0
CEDERY,2026-03-27,828.049115023946,834.4425975420421,820.3080933861514,827.3753454640968,0
CEDERY,2026-03-30,817.3976500376715,819.843422701163,816.0001849200881,817.9218038106256,0
CEDERY,2026-03-31,816.639296875441,818.4348101309779,809.2921620438289,813.8634860874034,0
CEDERY,2026-04-01,801.0118995350927,808.8978834836914,801.0118995350927,806.186105562693,0
CEDERY,2026-04-02,814.2977312830743,820.5776473997682,808.0186189466334,814.2981331732008,0
CEDERY,2026-04-03,801.9155554643023,809.5859890382497,797.6907265491707,803.6383577937102,0
CEDERY,2026-04-06,799.7782814020802,799.7782814020802,799.3872509458578,799.4604636451832,0
CEDERY,2026-04-07,800.1857791177563,801.3052881792848,798.0070782397191,799.656183209502,0
CEDERY,2026-04-08,788.6309653609839,795.0080184916276,786.5803260000455,790.7941722458365,0
CEDERY,2026-04-09,780.7266771004425,786.5954272624415,777.8661471671905,782.230787214816,0
CEDERY,2026-04-10,780.0962304408865,782.505187631879,773.9863097628261,778.2457486973525,0
CEDERY,2026-04-13,760.1256014458712,762.260155694192,756.4007528672846,759.3304542807383,0
CEDERY,2026-04-14,745.1969118816833,750.3873582771483,743.0541993403978,746.720778808773,0
CEDERY,2026-04-15,748.0246558863741,748.0246558863741,739.5299237762258,743.4748331146676,0
CEDERY,2026-04-16,750.4082048434942,750.4082048434942,742.3805766007947,745.245492144191,0
CEDERY,2026-04-17,740.7680280047994,748.5372077647411,739.5275649338608,744.032386349301,0
CEDERY,2026-04-20,729.4580891612322,729.4580891612322,728.4200039677386,728.7982462478523,0
CEDERY,2026-04-21,730.6468962666804,730.6468962666804,721.3684220746396,725.1884151713306,0
CEDERY,2026-04-22,734.3323292185142,734.3323292185142,731.194130199275,732.6094545770019,0
CEDERY,2026-04-23,738.4446149950762,742.3219609883275,733.5884740867135,737.9552175375205,0
CEDERY,2026-04-24,737.2402348246252,740.3140872597686,735.0872844014478,737.7006858306082,0
CEDERY,2026-04-27,729.139321399474,731.9481576711275,728.7019716387637,730.3250646549455,0
CEDERY,2026-04-28,735.8502093435526,739.8155471845655,732.82374400564,736.3196455951028,0
CEDERY,2026-04-29,730.4520748967946,733.2539859179645,730.0678469952376,731.6609164566011,0
CEDERY,2026-04-30,723.5129382082226,723.5129382082226,720.3299458296103,721.899690866921,0
CEDERY,2026-05-01,714.558441228136,716.0321005580221,714.558441228136,715.4129740945917,0
CEDERY,2026-05-04,727.4285451723832,731.2672022825485,725.5178768832611,728.3925395829048,0
CEDERY,2026-05-05,728.1224721085822,734.4070847147655,727.108790286709,730.7579375007373,0
CEDERY,2026-05-06,741.3289471031514,745.922030985322,736.9564704968102,741.4392507410661,0
CEDERY,2026-05-07,735.650561879834,740.3705839214175,734.8877211116031,737.6291525165103,0
CEDERY,2026-05-08,746.0231183219091,750.977877349637,741.8778610740061,746.4278692118215,0
CEDERY,2026-05-11,743.8218156740716,744.4969370032694,738.5116301745585,741.504283588914,0
CEDERY,2026-05-12,741.3619611393323,743.3730318449743,737.7249785704596,740.549005207717,0
CEDERY,2026-05-13,764.5909950451022,767.3645163102223,759.5055239864191,763.4350201483206,0
CEDERY,2026-05-14,771.7815157365192,775.673706717041,766.2421381543442,770.9579224356926,0
CEDERY,2026-05-15,766.9313276792012,769.338760882152,764.2516404808047,766.7952006814783,0
CEDERY,2026-05-18,766.1820970712414,769.1671039374405,763.782653546029,766.4748787417348,0
CEDERY,2026-05-19,769.2321115904272,772.775201706434,767.1109810909587,769.9430913986963,0
CEDERY,2026-05-20,783.4575322488988,784.9334854909367,778.4212714463671,781.6773784686519,0
CEDERY,2026-05-21,775.0398735695106,779.2791048178923,775.0398735695106,777.5690876474084,0
CEDERY,2026-05-22,765.0114264627726,766.5611075615814,757.3323900701324,761.946748815857,0
CEDERY,2026-05-25,759.9276238778743,762.2808385306788,757.4190439414987,759.8499412360887,0
CEDERY,2026-05-26,758.7383333335683,764.1914852125796,756.7012604326296,760.4463728226046,0
CEDERY,2026-05-27,760.7855616319513,763.6933614896215,760.1138547493897,761.9036081195055,0
CEDERY,2026-05-28,772.9290772406775,778.1558657211142,770.8482715572551,774.5020686391847,0
CEDERY,2026-05-29,778.2914588264206,781.6385009574836,774.1966519866038,777.9175764720437,0
CEDERY,2026-06-01,784.3220609886853,788.4975021592064,783.532031216957,786.0147666880816,0
CEDERY,2026-06-02,778.8221793301976,782.4044694085648,769.9210111657379,776.1627402871513,0
CEDERY,2026-06-03,782.9190939163947,788.4806805671477,781.0378980276281,784.7592892973879,0
CEDERY,2026-06-04,799.7432665420084,811.315611046498,799.1503798852548,805.2329954658763,0
CEDERY,2026-06-05,811.4405937330852,818.0368757933757,808.4111047395944,813.2239902664851,0
CEDERY,2026-06-08,811.2736827794961,818.3753780909576,811.2736827794961,816.191697698392,0
CEDERY,2026-06-09,818.094205467263,820.8394304243278,815.544702773656,818.1920665989919,0
CEDERY,2026-06-10,839.087718778978,840.5052419332316,832.3547266773686,836.4299843053001,0
CEDERY,2026-06-11,829.2801472693242,831.0836983594655,824.2598012551387,827.671749807302,0
CEDERY,2026-06-12,823.7462791020381,830.4551754624978,823.6750243267418,827.0650998946197,0
CEDERY,2026-06-15,830.2414122943412,834.9965811947882,829.2920818643057,832.144331529547,0
CEDERY,2026-06-16,844.5936546236954,844.5936546236954,839.789104124196,840.1109063289197,0
CEDERY,2026-06-17,837.0142183250927,839.1830264389464,833.247345749671,836.2151860943087,0
CEDERY,2026-06-18,839.8188319582647,840.1748157189035,839.4420947202346,839.808455219569,0
CEDERY,2026-06-19,840.1680724812308,841.4875361839647,833.5418014613326,837.5146688226487,0
CEDERY,2026-06-22,845.4049267864461,845.4049267864461,837.091427034052,839.2296872834004,0
CEDERY,2026-06-23,841.664524676779,841.664524676779,836.249372566045,838.4033704588697,0
CEDERY,2026-06-24,827.8387324612739,830.4396631670863,824.5456111744697,827.492637170778,0
CEDERY,2026-06-25,828.6603372706597,831.5420697167468,824.0169831624701,827.7795264396084,0
CEDERY,2026-06-26,838.5902370606645,838.5902370606645,836.089806543059,837.040674407153,0
CEDERY,2026-06-29,826.358466686629,828.2964457185532,826.358466686629,827.8801895288735,0
CEDERY,2026-06-30,823.3604957328116,827.5267808180006,823.3604957328116,825.9839516139891,0
DRACO,2026-01-02,62.32354258407709,62.32354258407709,61.791180363804756,61.964632209700795,0
DRACO,2026-01-05,61.42903225035399,61.42903225035399,61.01185845529455,61.19082373424648,0
DRACO,2026-01-06,61.06415687084184,61.37891927528388,60.765837319010785,61.07237829714733,0
DRACO,2026-01-07,61.29101786593679,61.38476578181981,60.75430834062229,61.06953706122105,0
DRACO,2026-01-08,62.587384679943085,63.16047608299835,62.307781024812854,62.734128553905606,0
DRACO,2026-01-09,61.95955370112708,62.32223196793182,61.722246080852436,62.02223902439213,0
DRACO,2026-01-12,62.02630063610683,62.23597637376486,61.47880030668294,61.8573883402239,0
DRACO,2026-01-13,61.43182209506592,62.095208919094404,61.227811268459064,61.661510093776734,0
DRACO,2026-01-14,61.859788398332455,62.17965738385825,61.64355228044451,61.91160483215138,0
DRACO,2026-01-15,62.37084396042238,62.683401576966745,62.37084396042238,62.61897399812754,0
DRACO,2026-01-16,62.19874883264609,62.27889655355695,62.074776735464695,62.17683664451082,0
DRACO,2026-01-19,61.794347637727064,61.794347637727064,61.42403929197087,61.49318187292046,0
DRACO,2026-01-20,60.086124268814295,60.6545881418805,59.7894170806643,60.2220026112724,0
DRACO,2026-01-21,59.52525834384521,59.6220727349565,59.34782537089473,59.484949052925614,0
DRACO,2026-01-22,59.63633392360883,60.183817060693016,59.41079538171154,59.79730622120228,0
DRACO,2026-01-23,59.55223168133578,60.06735498640593,59.449279037290395,59.75831701184816,0
DRACO,2026-01-26,58.74515793395884,59.401901511677266,58.525636429840745,58.963768970759006,0
DRACO,2026-01-27,58.88607946152519,58.98234623125572,58.27805823938289,58.6302022353193,0
DRACO,2026-01-28,58.9971976420871,58.9971976420871,58.3596750692736,58.582008994123825,0
DRACO,2026-01-29,58.951782558646364,59.078393048003335,58.65456158136715,58.86647731468524,0
DRACO,2026-01-30,58.25324852597409,58.622156027385074,58.13523852700541,58.37869727719524,0
DRACO,2026-02-02,58.256647847486754,58.38662593744658,57.88080194574254,58.13371394159456,0
DRACO,2026-02-03,56.753712870664586,56.97763126212821,56.64375338515074,56.81069232363947,0
DRACO,2026-02-04,56.09850891434213,56.18416446263885,55.743756812585644,55.963960637612246,0
DRACO,2026-02-05,57.04230077757951,57.40395606067468,56.581138682225095,56.99254737144989,0
DRACO,2026-02-06,55.49548044089942,55.49548044089942,55.41592029701649,55.44895253434615,0
DRACO,2026-02-09,55.25889723580069,55.40755731462456,54.90925887272557,55.158408093675064,0
DRACO,2026-02-10,55.14133286277866,55.35811604911546,55.11660787512458,55.23736196212002,0
DRACO,2026-02-11,54.85720523599682,55.16407445031568,54.68359260768477,54.92383352900023,0
DRACO,2026-02-12,54.047991064922144,54.6370996646035,54.019958913960565,54.32852928928203,0
DRACO,2026-02-13,54.151737521863524,54.43426360217097,54.01296999716921,54.22361679967009,0
DRACO,2026-02-16,53.924279732498256,54.45570476435979,53.855016338564276,54.15536055146203,0
DRACO,2026-02-17,54.01368370207476,54.08146598579012,53.99281036602326,54.03713817590669,0
DRACO,2026-02-18,52.61819545873843,53.09770780458064,52.44188706018076,52.7697974323807,0
DRACO,2026-02-19,52.62934333813956,52.76035262837208,52.46637634717661,52.61336448777435,0
DRACO,2026-02-20,52.0845108098606,52.28658948012609,51.74098398386033,52.01378673199321,0
DRACO,2026-02-23,51.39117748489623,51.83633649417009,51.38578265935157,51.61105957676083,0
DRACO,2026-02-24,51.56364454210043,51.75029427959972,51.56364454210043,51.68975914359471,0
DRACO,2026-02-25,51.87902038919105,52.15568597679212,51.87902038919105,52.02625133546893,0
DRACO,2026-02-26,52.643708194381404,52.75934626820899,52.29280789343783,52.52607708082341,0
DRACO,2026-02-27,52.41846024317184,52.522182577209996,51.78080195269885,52.15149226495442,0
DRACO,2026-03-02,52.80427649178893,52.91066547875224,52.428786304117374,52.66972589143481,0
DRACO,2026-03-03,53.2968245791626,53.59366053986902,53.111843386741086,53.35275196330505,0
DRACO,2026-03-04,54.258008518253156,54.258008518253156,53.95713270239123,54.020587002859905,0
DRACO,2026-03-05,54.61397263423074,55.23966615545991,54.486691694940006,54.86317892519996,0
DRACO,2026-03-06,54.94772221058226,55.11817698148662,54.28516310302167,54.70167004225414,0
DRACO,2026-03-09,54.41468563605211,54.74322402648841,54.30081599013017,54.52202000830929,0
DRACO,2026-03-10,54.53972890563879,55.1942857360329,54.53972890563879,54.998464478539624,0
DRACO,2026-03-11,54.4687931493949,54.4687931493949,53.99787983761314,54.039052222216,0
DRACO,2026-03-12,54.36622090833569,54.422093489777865,53.79802678618887,54.11006013798337,0
DRACO,2026-03-13,53.53592706928834,54.207215465963195,53.197125046203205,53.7021702560832,0
DRACO,2026-03-16,53.427994169602506,53.691111186370044,53.11072585072065,53.400918518545346,0
DRACO,2026-03-17,52.20018649976096,52.574750129731534,51.892847597262325,52.23379886349693,0
DRACO,2026-03-18,51.63242449860071,51.87902341278095,51.35416784520919,51.61659562899507,0
DRACO,2026-03-19,51.31266100469573,51.64664437762054,51.31266100469573,51.542015723353686,0
DRACO,2026-03-20,51.92561312960145,52.37921904173958,51.68476415254104,52.03199159714031,0
DRACO,2026-03-23,52.66451930452827,52.67119655238684,52.510179621523186,52.59068808695501,0
DRACO,2026-03-24,52.51206849326371,52.66480711481841,52.28921129794312,52.477009206380764,0
DRACO,2026-03-25,52.48329627332609,52.533498990752676,52.05680738635702,52.29515318855485,0
DRACO,2026-03-26,51.72673497860021,52.01253794670863,51.416186608265946,51.71436227748729,0
DRACO,2026-03-27,52.26812745295213,52.26812745295213,51.651546559716856,51.90233716490239,0
DRACO,2026-03-30,51.57532611359416,51.933039995867716,51.43957335588914,51.68630667587843,0
DRACO,2026-03-31,52.04148528178907,52.12983641719479,51.87222083955391,52.00102862837435,0
DRACO,2026-04-01,52.737047586341944,53.11736979241266,52.737047586341944,53.041983492952,0
DRACO,2026-04-02,52.75870371987367,53.176136149080286,52.739450281292335,52.957793215186314,0
DRACO,2026-04-03,52.159412006886264,52.159412006886264,51.818335032811426,51.952351862344564,0
DRACO,2026-04-06,51.2115128463806,51.42787055283,51.2115128463806,51.35677076319352,0
DRACO,2026-04-07,50.485682092149396,50.485682092149396,50.33143477726814,50.40543535262029,0
DRACO,2026-04-08,49.617736847655294,49.77679392945147,49.47707275518078,49.62693334231612,0
DRACO,2026-04-09,50.19213689863055,50.36476103863563,50.19213689863055,50.34991575469422,0
DRACO,2026-04-10,50.373818550445954,50.49231126902316,50.36069178721052,50.426501528116844,0
DRACO,2026-04-13,49.37927864557481,49.49166282905263,49.37927864557481,49.4555738039871,0
DRACO,2026-04-14,49.712439132921205,50.002518577126466,49.5679414198435,49.78522999848498,0
DRACO,2026-04-15,50.5974472273046,50.72643935363503,50.2401872644271,50.48331330903107,0
DRACO,2026-04-16,50.30374253598453,50.60784964523881,49.80312776378099,50.205488704509904,0
DRACO,2026-04-17,49.65398694020039,49.790136550622606,49.65398694020039,49.74015066364226,0
DRACO,2026-04-20,49.345122046032046,49.61043824735877,49.345122046032046,49.47977176513648,0
DRACO,2026-04-21,49.631507626442165,49.87837463317413,49.30063480821266,49.5895047206934,0
DRACO,2026-04-22,49.896894358329114,50.08987853594699,49.73386191822326,49.911870227085124,0
DRACO,2026-04-23,50.72026606294421,50.73347126600331,50.39509466747883,50.564282966741075,0
DRACO,2026-04-24,51.6520309338718,51.6520309338718,50.86368459332496,51.2438287071725,0
DRACO,2026-04-27,52.046920175614666,52.088162704310825,51.74311189167522,51.91563729799302,0
DRACO,2026-04-28,52.70228969976367,52.79673155905173,52.61883117367989,52.70778136636581,0
DRACO,2026-04-29,53.03666606892538,53.13654599054554,52.99156225079639,53.06405412067097,0
DRACO,2026-04-30,51.9019043507394,52.278718930758146,51.79256153296801,52.03564023186308,0
DRACO,2026-05-01,51.7504732900408,52.13086488734815,51.65237400727594,51.891619447312046,0
DRACO,2026-05-04,51.86839067943558,52.09037311828151,51.86839067943558,52.02499875147868,0
DRACO,2026-05-05,51.66291040274047,51.82921490187433,51.61929640845812,51.724255655166225,0
DRACO,2026-05-06,52.16332758398295,52.4950344049414,51.9654796347631,52.23025701985225,0
DRACO,2026-05-07,52.058500841129806,52.21034681563933,51.67486699621143,51.94260690592538,0
DRACO,2026-05-08,51.2457515150989,51.44639090091288,51.16794118156243,51.30716604123766,0
DRACO,2026-05-11,52.110657931929616,52.41499673369236,51.86809112854931,52.141543931120836,0
DRACO,2026-05-12,52.30503059803598,52.766926190558976,52.22686864479031,52.49689741767464,0
DRACO,2026-05-13,52.83145290945846,52.83145290945846,52.54926895553384,52.57207664139631,0
DRACO,2026-05-14,53.17697113851863,53.27546001040149,52.91696791336073,53.096213961881105,0
DRACO,2026-05-15,54.00131007641775,54.00131007641775,53.45360502509544,53.71305256072874,0
DRACO,2026-05-18,53.9974201518743,54.02237163232696,53.71490575455488,53.86863869344092,0
DRACO,2026-05-19,52.47387785305025,52.47387785305025,52.225904510266986,52.240420228703044,0
DRACO,2026-05-20,51.71788786280233,51.9342005699537,51.57874017914579,51.75647037454974,0
DRACO,2026-05-21,51.522555232323064,51.69492425506014,51.128962424640555,51.411943339850346,0
DRACO,2026-05-22,51.15927742317596,51.15927742317596,50.38399285708328,50.74738530067518,0
DRACO,2026-05-25,50.62101812704481,50.82689873870219,50.62101812704481,50.807512353865064,0
DRACO,2026-05-26,51.65945539252382,51.95276744661754,51.00283290908486,51.4778001778512,0
DRACO,2026-05-27,51.37813465735033,51.37813465735033,51.028511743638724,51.11774939621373,0
DRACO,2026-05-28,50.42950278365366,50.66373224066547,50.06801058208167,50.36587141137357,0
DRACO,2026-05-29,51.663070120479965,51.87815389836785,51.21133027674478,51.544742087556315,0
DRACO,2026-06-01,51.401353831253516,51.51027312391933,50.89929410244839,51.20478361318386,0
DRACO,2026-06-02,50.29091620680581,50.608897470458025,50.175601029600124,50.392249250029074,0
DRACO,2026-06-03,50.53877974446646,50.560228303737645,50.39091660962609,50.47557245668187,0
DRACO,2026-06-04,50.53823239112485,50.939419034517854,50.40703419977037,50.67322661714411,0
DRACO,2026-06-05,50.08197691365108,50.31500453246281,50.057095045432675,50.18604978894774,0
DRACO,2026-06-08,50.50771277785786,50.656491288168006,50.50771277785786,50.603590806099774,0
DRACO,2026-06-09,50.22614982621389,50.733485896808496,49.762912059241735,50.248198978025115,0
DRACO,2026-06-10,49.65745449350171,49.90398619515451,49.366317972281536,49.63515208371802,0
DRACO,2026-06-11,49.750997820455254,50.06136389863683,49.30260530223385,49.681984600435335,0
DRACO,2026-06-12,49.86550022883967,50.1925194630817,49.86550022883967,50.08349998487293,0
DRACO,2026-06-15,49.94624414647282,49.98867418305244,49.300105932286314,49.644390057669376,0
DRACO,2026-06-16,49.95872674388625,50.13939305784835,49.424550000947406,49.78197152939788,0
DRACO,2026-06-17,49.777307393422376,50.01960106280432,49.31343268703879,49.666516874921555,0
DRACO,2026-06-18,51.260681148625515,51.52020092931662,51.114017048257125,51.31710898878687,0
DRACO,2026-06-19,50.807680364355896,50.902665729682816,50.74053710517009,50.82160141742646,0
DRACO,2026-06-22,51.69771751668844,51.798971521628715,51.42268992089761,51.61083072126316,0
DRACO,2026-06-23,51.58169771278087,51.58169771278087,51.49567235614571,51.51656429231742,0
DRACO,2026-06-24,51.111303998854694,51.407190020937215,51.111303998854694,51.37657085775612,0
DRACO,2026-06-25,51.879176048329946,51.97783509178866,51.54470944052765,51.76127226615816,0
DRACO,2026-06-26,52.725273561137314,52.725273561137314,52.15139216194478,52.25680474883223,0
DRACO,2026-06-29,52.6927693859872,53.18831283755234,52.6927693859872,52.993767085920624,0
DRACO,2026-06-30,53.30192723906224,53.3403452851295,52.938399021321,53.139372153225246,0
HEDWIG,2026-01-02,240.22991324959835,242.0437570467656,240.22991324959835,241.18902135406105,0
HEDWIG,2026-01-05,240.11840702425297,242.11446496693873,239.794460539836,240.95446275338736,0
HEDWIG,2026-01-06,244.8901194745422,245.51278592207996,244.7979445036962,245.15536521288806,0
HEDWIG,2026-01-07,241.9759592226345,242.22441504056457,241.19091372957072,241.70766438506763,0
HEDWIG,2026-01-08,240.6194967963254,243.3996985299159,240.6194967963254,242.28970479977986,0
HEDWIG,2026-01-09,247.35178908892428,247.85392935231394,245.7358538429796,246.79489159764677,0
HEDWIG,2026-01-12,245.42222983508182,247.0952381809523,245.42222983508182,246.29559264912442,0
HEDWIG,2026-01-13,244.34403006739055,245.82732775750287,244.34403006739055,245.1281792466001,0
HEDWIG,2026-01-14,246.07305964545114,246.14613854572616,245.00120013558464,245.5736693406554,0
HEDWIG,2026-01-15,244.27435270309613,245.27785892764498,243.38025790929117,244.32905841846807,0
HEDWIG,2026-01-16,247.9844356312336,250.71761295982145,247.54791427433045,249.13276361707597,0
HEDWIG,2026-01-19,247.82486105694167,247.82486105694167,245.99669307025366,246.46100057887293,0
HEDWIG,2026-01-20,248.58422953886927,250.9839186917195,247.47148485419228,249.2277017729559,0
HEDWIG,2026-01-21,245.68946735537781,246.90375023009094,244.11087723063295,245.50731373036194,0
HEDWIG,2026-01-22,247.78888119231797,248.4065957186657,246.87416113653057,247.64037842759814,0
HEDWIG,2026-01-23,248.4667556625015,248.79635965219626,246.04201515551165,247.41918740385395,0
HEDWIG,2026-01-26,239.42833099362545,240.01218491899027,239.42833099362545,239.7560791137079,0
HEDWIG,2026-01-27,240.55964352051032,240.55964352051032,239.70556492762447,239.83432000862553,0
HEDWIG,2026-01-28,236.26612020338143,237.1294926431326,236.26612020338143,236.79314325920376,0
HEDWIG,2026-01-29,236.3860566071629,236.3860566071629,234.8436545569794,235.59295963057863,0
HEDWIG,2026-01-30,239.65313632929846,241.00743273568935,239.39846687499772,240.20294980534354,0
HEDWIG,2026-02-02,236.75219396726257,237.71358662001754,236.30588380983798,237.00973521492776,0
HEDWIG,2026-02-03,235.35466675731243,235.35466675731243,233.04093544816877,234.02356420982665,0
HEDWIG,2026-02-04,238.5413972528219,238.5413972528219,238.25036200494588,238.31478035260943,0
HEDWIG,2026-02-05,238.8299976873759,239.94291860851092,237.55984612748057,238.75138236799575,0
HEDWIG,2026-02-06,245.06982467032057,245.06982467032057,243.14973976639865,243.4324619458602,0
HEDWIG,2026-02-09,244.7688538919499,245.15864887514388,243.8489404405991,244.5037946578715,0
HEDWIG,2026-02-10,241.36121736795903,242.72165264350775,241.1855863460683,241.95361949478803,0
HEDWIG,2026-02-11,242.38551682804058,242.38551682804058,241.44435683254804,241.85250196982676,0
HEDWIG,2026-02-12,244.77667009720767,245.95652570894111,244.77667009720767,245.64750098989916,0
HEDWIG,2026-02-13,249.4570813554623,249.4570813554623,248.12132324376677,248.615530311545,0
HEDWIG,2026-02-16,249.61756107622713,249.70665659658755,247.72877734502646,248.717716970807,0
HEDWIG,2026-02-17,248.53904455557134,250.25662844474473,247.67734819306446,248.96698831890458,0
HEDWIG,2026-02-18,248.2525124228931,249.99658803333182,247.44547117912762,248.7210296062297,0
HEDWIG,2026-02-19,247.1820901109553,247.5480978413089,246.55444876405878,247.05127330268385,0
HEDWIG,2026-02-20,253.12132540905986,253.72230616359786,252.49884774272007,253.11057695315898,0
HEDWIG,2026-02-23,252.49155475275674,253.78098750971532,252.49155475275674,253.23430689079532,0
HEDWIG,2026-02-24,250.25066559332524,251.04894633589038,248.60084989082495,249.82489811335765,0
HEDWIG,2026-02-25,246.9363938327677,248.47695178845098,246.9363938327677,248.45835707530478,0
HEDWIG,2026-02-26,250.4696286858011,252.41962661860924,249.17098547484582,250.79530604672752,0
HEDWIG,2026-02-27,252.58283342810608,253.6556437000705,252.12293722008425,252.88929046007738,0
HEDWIG,2026-03-02,252.35572128603042,253.17724406457148,251.94829873761512,252.5627714010933,0
HEDWIG,2026-03-03,250.81960641104965,251.76112706162942,249.4161648257721,250.58864594370075,0
HEDWIG,2026-03-04,249.8390346841444,252.28379840552196,249.24192547180914,250.76286193866557,0
HEDWIG,2026-03-05,246.17027155831872,246.88772881448995,244.58509678954206,245.736412802016,0
HEDWIG,2026-03-06,241.78708916519187,243.39486324355835,240.44080990464596,241.91783657410215,0
HEDWIG,2026-03-09,243.93514530211633,245.45523239875482,243.36858156450916,244.41190698163197,0
HEDWIG,2026-03-10,242.07142116426755,244.6381610746843,241.4980723802853,243.0681167274848,0
HEDWIG,2026-03-11,243.42572991797786,245.87834366450392,242.70726666831152,244.2928051664077,0
HEDWIG,2026-03-12,248.35993080724108,249.0347572635844,247.14874273133677,248.09174999746057,0
HEDWIG,2026-03-13,249.46480706529957,251.90913592090732,248.46734047331702,250.18823819711218,0
HEDWIG,2026-03-16,250.40020069246017,251.4358746317356,249.26809312496695,250.35198387835126,0
HEDWIG,2026-03-17,257.9342042267791,258.18819213345216,256.04190552449694,257.1150488289746,0
HEDWIG,2026-03-18,260.1490589126711,260.1490589126711,258.78620270983436,259.34562487960824,0
HEDWIG,2026-03-19,259.52638536656417,259.52638536656417,257.4330785073261,258.3171534630343,0
HEDWIG,2026-03-20,260.533432431425,262.21381537318655,259.31662745432675,260.76522141375665,0
HEDWIG,2026-03-23,261.3320622679311,262.54602178464876,261.3320622679311,262.18559362864227,0
HEDWIG,2026-03-24,260.32990534450636,260.9106601258271,258.1599760853454,259.53531810558627,0
HEDWIG,2026-03-25,260.1143538616002,261.09366449126065,258.65229717888786,259.87298083507426,0
HEDWIG,2026-03-26,260.3231297217428,260.63012735057,258.2664895233405,259.44830843695524,0
HEDWIG,2026-03-27,253.33988991671896,253.43610931393704,253.22686541395385,253.33148736394543,0
HEDWIG,2026-03-30,253.8014734274865,253.8537153542728,251.93499870515055,252.89435702971167,0
HEDWIG,2026-03-31,252.75360483633622,253.44877180705473,250.77812396132362,252.11344788418918,0
HEDWIG,2026-04-01,251.3932536196,251.47473789937098,250.23346660446106,250.854102251916,0
HEDWIG,2026-04-02,246.28459844851238,246.9411975133002,244.88506206293138,245.91312978811578,0
HEDWIG,2026-04-03,245.2296033622427,245.2296033622427,244.75216076865559,244.9373693125215,0
HEDWIG,2026-04-06,245.08663994887783,246.22394844577417,243.60688707980933,244.91541776279175,0
HEDWIG,2026-04-07,245.48797220419058,245.97798163615462,244.66544453815652,245.32171308715556,0
HEDWIG,2026-04-08,242.7248091367939,243.39568100716974,240.61613959956262,242.0059103033662,0
HEDWIG,2026-04-09,243.62441308267773,244.0759009857755,243.62441308267773,243.9991809459635,0
HEDWIG,2026-04-10,241.71572794770756,241.75840527919902,239.16883582443754,240.46362055181828,0
HEDWIG,2026-04-13,239.82021517480806,240.7425816875755,239.05077206348747,239.89667687553148,0
HEDWIG,2026-04-14,244.60875311732582,245.25726561744955,242.51830453113092,243.88778507429024,0
HEDWIG,2026-04-15,241.84484264311632,242.4300972778965,241.3905696633208,241.91033347060866,0
HEDWIG,2026-04-16,240.30929975376213,241.15174681072,239.82277287282736,240.48725984177366,0
HEDWIG,2026-04-17,245.27635785052664,245.85857191058133,241.72150242642192,243.7900371685016,0
HEDWIG,2026-04-20,242.50984906551338,243.3031389921182,242.16709219207058,242.7351155920944,0
HEDWIG,2026-04-21,241.01729707599404,242.57048198307217,241.01729707599404,241.94434318825782,0
HEDWIG,2026-04-22,242.1824754324597,243.5389591666501,241.86584843730793,242.70240380197902,0
HEDWIG,2026-04-23,245.72792044092134,246.4428253236385,245.48117168676373,245.9619985052011,0
HEDWIG,2026-04-24,241.01189734083388,241.01189734083388,237.9356304572115,239.4636271659629,0
HEDWIG,2026-04-27,237.27209366241254,238.89160031181956,235.35842499476212,237.12501265329084,0
HEDWIG,2026-04-28,234.94906271831087,234.94906271831087,233.6848395357018,234.2920748927039,0
HEDWIG,2026-04-29,230.57731638801283,231.39896549949154,230.57731638801283,231.2722431944462,0
HEDWIG,2026-04-30,229.1826817925148,230.3928909924857,227.48811467757366,228.94050283502966,0
HEDWIG,2026-05-01,227.13305381767165,228.085626596953,225.26723115390018,226.6764288754266,0
HEDWIG,2026-05-04,228.8403266172908,228.8945974096125,226.32564464867343,227.61012102914296,0
HEDWIG,2026-05-05,224.75201559077456,226.64429738481547,223.80062826772175,225.2224628262686,0
HEDWIG,2026-05-06,226.060910899301,226.163465634188,225.1412831832889,225.65237440873844,0
HEDWIG,2026-05-07,227.06584366341775,227.69090067175918,226.0289217034852,226.85991118762217,0
HEDWIG,2026-05-08,224.23311578375572,225.19959103344974,224.23311578375572,224.92253577434815,0
HEDWIG,2026-05-11,225.3611442916982,225.63656138701577,225.11203680913056,225.37429909807318,0
HEDWIG,2026-05-12,229.8672719080595,231.42070780779022,228.6775090164957,230.04910841214294,0
HEDWIG,2026-05-13,229.44260372923884,231.66818263389183,229.44260372923884,231.054461900884,0
HEDWIG,2026-05-14,229.75467102497592,231.30574732475327,227.37979211441007,229.34276971958167,0
HEDWIG,2026-05-15,229.62300752424179,230.2024703647743,228.30043515079507,229.25145275778468,0
HEDWIG,2026-05-18,226.47769688924376,227.39295584311847,226.1596780311169,226.77631693711768,0
HEDWIG,2026-05-19,226.70871688901016,228.8965032636525,226.3490536481791,227.6227784559158,0
HEDWIG,2026-05-20,231.15973948697265,231.88763887927524,228.38837907694978,230.1380089781125,0
HEDWIG,2026-05-21,228.10852809096883,229.05995408488945,226.79333214916508,227.92664311702725,0
HEDWIG,2026-05-22,228.1268815512765,228.1268815512765,227.0770923685336,227.43318670560217,0
HEDWIG,2026-05-25,231.62648693448247,231.74435867261124,229.55686568169708,230.65061217715416,0
HEDWIG,2026-05-26,228.98083107509535,230.88753822913,227.79091006768238,229.3392241484062,0
HEDWIG,2026-05-27,230.52076978353557,230.6534695139479,229.2674893788594,229.96047944640364,0
HEDWIG,2026-05-28,227.01819925774518,227.73976810805084,226.62533950007696,227.1825538040639,0
HEDWIG,2026-05-29,224.96049369393774,226.36013247294997,223.6452965996937,225.00271453632183,0
HEDWIG,2026-06-01,223.6257797354771,224.64058187045086,222.72588226757526,223.68323206901306,0
HEDWIG,2026-06-02,229.69280642341872,230.10599615238127,229.28143439743087,229.69371527490608,0
HEDWIG,2026-06-03,229.42460476207364,229.42460476207364,227.91947310569978,228.66044884434768,0
HEDWIG,2026-06-04,227.38623705572752,227.8674787014727,226.73611808702125,227.30179839424696,0
HEDWIG,2026-06-05,225.75695852248805,226.89840092606443,224.8238496277216,225.861125276893,0
HEDWIG,2026-06-08,225.31583661667787,226.45439649460215,224.55143645207642,225.50291647333927,0
HEDWIG,2026-06-09,227.60864212837836,228.80849334680224,225.94315139777754,227.3758223722899,0
HEDWIG,2026-06-10,227.37256433699432,229.2201366544509,226.74908891297233,227.9846127837116,0
HEDWIG,2026-06-11,233.42546105731125,233.98206478705842,233.42546105731125,233.7779924937233,0
HEDWIG,2026-06-12,234.43552286962773,235.60104311552635,233.34355271166,234.47229791359317,0
HEDWIG,2026-06-15,238.27067342119577,240.0586918673965,237.29298089007398,238.67583637873526,0
HEDWIG,2026-06-16,239.48034337444082,240.74217961662305,238.38880391930516,239.56549176796412,0
HEDWIG,2026-06-17,240.96695264882024,242.87226341111045,239.9463251551805,241.40929428314547,0
HEDWIG,2026-06-18,238.78521941665957,238.78521941665957,236.66971193368494,237.35825167209455,0
HEDWIG,2026-06-19,238.0367685231005,238.0367685231005,236.59394415221695,237.09144174161338,0
HEDWIG,2026-06-22,237.31003961076803,238.37893232958118,235.6013415435176,236.9901369365494,0
HEDWIG,2026-06-23,236.35671578037713,236.8365796617615,235.95290271330254,236.39474118753202,0
HEDWIG,2026-06-24,231.97260562662652,231.97260562662652,230.3844350602887,230.4579684516802,0
HEDWIG,2026-06-25,233.22516949343728,234.4092122678161,231.58963966588556,232.99942596685082,0
HEDWIG,2026-06-26,231.95180557030952,232.60426269641843,231.4202437759852,232.01225323620181,0
HEDWIG,2026-06-29,231.09810006384637,231.67035364425828,230.105916780171,230.88813521221465,0
HEDWIG,2026-06-30,230.48566767438103,230.55157487395402,229.99705530093507,230.27431508744453,0
LUNA,2026-01-02,417.4643382411248,418.7500635725164,416.1634581901101,417.45676088131324,0
LUNA,2026-01-05,417.59880037860916,420.88704425768094,414.75519366899573,417.82111896333834,0
LUNA,2026-01-06,427.13187277606096,431.4054202635185,426.4988106832836,428.9521154734011,0
LUNA,2026-01-07,424.56420198967214,427.2849141964276,422.52119717435835,424.903055685393,0
LUNA,2026-01-08,427.77890973477025,431.0976056870683,426.7588820584683,428.92824387276835,0
LUNA,2026-01-09,424.4725127016816,426.3769530228784,422.16107403886014,424.26901353086924,0
LUNA,2026-01-12,436.52746705027835,437.1001367822974,431.0981347132796,434.0991357477885,0
LUNA,2026-01-13,433.66808416193106,434.57095343370145,431.1419442672117,432.8564488504566,0
LUNA,2026-01-14,432.623603325392,436.36948411067,429.6912652066416,433.0303746586558,0
LUNA,2026-01-15,436.2049267325476,439.26097756336446,436.2049267325476,438.34168883581276,0
LUNA,2026-01-16,443.59394289817567,447.0393646912959,443.59394289817567,445.4846568176056,0
LUNA,2026-01-19,437.8372508499538,440.6109645456389,437.8372508499538,440.06404974216406,0
LUNA,2026-01-20,439.6776800841438,440.17543171157286,437.26893763511185,438.7221846733423,0
LUNA,2026-01-21,430.923013277871,434.0898493986425,429.7388437274976,431.91434656307007,0
LUNA,2026-01-22,433.18407004544656,436.0922219355733,430.11324409543465,433.102733015504,0
LUNA,2026-01-23,432.2441982922649,434.2099904422979,431.894594147772,433.05229229503493,0
LUNA,2026-01-26,431.83554464320974,433.4488810251887,429.9859814404611,431.7174312328249,0
LUNA,2026-01-27,430.45980819347074,430.45980819347074,427.25061797918556,428.65729082883934,0
LUNA,2026-01-28,426.2687067155922,428.22402837819516,426.06881828346303,427.14642333082907,0
LUNA,2026-01-29,423.3700979914357,424.49068008328777,423.1165044850238,423.8035922841558,0
LUNA,2026-01-30,425.93881191507114,428.7313578119916,425.21198205632214,426.97166993415686,0
LUNA,2026-02-02,436.4305925509039,436.4305925509039,435.0552572607203,435.2885153170444,0
LUNA,2026-02-03,424.47727884058156,427.584777236127,423.99020574065673,425.7874914883919,0
LUNA,2026-02-04,424.21653730270305,427.3838359422483,423.94285529347786,425.66334561786306,0
LUNA,2026-02-05,422.23373106471314,425.1370581158431,422.23373106471314,423.998833500797,0
LUNA,2026-02-06,425.17666047118274,427.825484496067,425.17666047118274,426.98083405869835,0
LUNA,2026-02-09,423.19353714154664,423.19353714154664,422.07616295609785,422.59654218377733,0
LUNA,2026-02-10,425.57386040513865,425.5887605594997,419.0490200851104,422.31889032230504,0
LUNA,2026-02-11,416.2953525434033,418.0916962039105,416.2953525434033,417.5421873565898,0
LUNA,2026-02-12,422.71429765737537,424.5102580766871,418.51181484074476,421.5110364587159,0
LUNA,2026-02-13,422.79621170902107,424.6749746998961,420.2809255887508,422.4779501443235,0
LUNA,2026-02-16,420.7286196079139,423.50536340957416,420.7286196079139,422.12419075984855,0
LUNA,2026-02-17,424.11785368629904,425.1857973624497,423.7546142998685,424.4702058311591,0
LUNA,2026-02-18,423.38630922934186,426.2604589215073,421.1042556543758,423.6823572879415,0
LUNA,2026-02-19,415.45068124335006,419.41873344203566,413.20791945718577,416.3133264496107,0
LUNA,2026-02-20,422.19278354631865,422.19278354631865,418.86668841875326,419.76159965746086,0
LUNA,2026-02-23,419.26844634170527,423.11453319556387,419.26844634170527,421.67976375621697,0
LUNA,2026-02-24,421.8457279318949,423.9357519092611,418.7923735593808,421.36406273432095,0
LUNA,2026-02-25,427.2675489865103,428.8370479101598,424.84899659527395,426.8430222527169,0
LUNA,2026-02-26,432.8528797782388,437.07567744346045,430.1380354589546,433.60685645120753,0
LUNA,2026-02-27,428.62365776411747,429.6566928762632,427.2063122284798,428.4315025523715,0
LUNA,2026-03-02,426.0204345286779,427.06219482688715,422.7412989248736,424.9017468758804,0
LUNA,2026-03-03,433.53974673492587,433.99039498604816,432.6919799340538,433.34118746005095,0
LUNA,2026-03-04,441.8201040527584,444.8824165798987,437.65287854554293,441.2676475627208,0
LUNA,2026-03-05,438.7665358422394,438.96820484682826,436.7444915053894,437.85634817610884,0
LUNA,2026-03-06,429.5368513330569,432.35119585142695,429.5368513330569,432.1714410299525,0
LUNA,2026-03-09,431.25384371205377,431.25384371205377,427.74021543867616,429.34962045089134,0
LUNA,2026-03-10,430.18089919326457,430.18089919326457,425.67071453973927,427.26061055735414,0
LUNA,2026-03-11,420.9118507271637,422.9635499580741,416.3904487455169,419.6769993517955,0
LUNA,2026-03-12,421.57418010094585,421.6924374637009,418.89968721617424,420.2960623399376,0
LUNA,2026-03-13,412.59378437598934,415.99118102280204,412.59378437598934,414.3442816224793,0
LUNA,2026-03-16,408.6737671066609,410.9395086604569,406.6985201662304,408.81901441334367,0
LUNA,2026-03-17,412.78493713109947,416.7609385926278,410.82504389910287,413.7929912458653,0
LUNA,2026-03-18,410.1424015005373,412.45768316730397,409.2746693966544,410.8661762819792,0
LUNA,2026-03-19,412.1580172213992,413.46400273190574,408.4675173611737,410.9657600465397,0
LUNA,2026-03-20,413.535946845478,416.6233551137015,412.448011452595,414.5356832831482,0
LUNA,2026-03-23,418.89796383694244,420.489489613684,417.63356073706575,419.06152517537487,0
LUNA,2026-03-24,415.4371372632547,419.56564852743384,415.4371372632547,417.82952137119435,0
LUNA,2026-03-25,418.3119752744316,420.20893605821095,416.8128476011234,418.5108918296672,0
LUNA,2026-03-26,414.9541604646045,415.7414895335913,413.94277492797295,414.8421322307821,0
LUNA,2026-03-27,423.202162704413,426.82470160631084,421.37302816604233,424.0988648861766,0
LUNA,2026-03-30,426.96583654574033,428.4157073083822,426.96583654574033,427.88993348993546,0
LUNA,2026-03-31,425.1195551352738,425.40830707941467,420.0461492845079,422.72722818196127,0
LUNA,2026-04-01,421.67715324186656,425.7137899808232,420.71239422224977,423.2130921015365,0
LUNA,2026-04-02,425.9754040405032,428.952025190809,425.69249518638645,427.32226018859774,0
LUNA,2026-04-03,429.2164711592145,431.32308909241414,429.1983658398007,430.2607274661074,0
LUNA,2026-04-06,441.87693450056406,441.87693450056406,438.7316512599933,440.2934380533515,0
LUNA,2026-04-07,450.9218644620781,450.9218644620781,445.8806965178831,448.09678124788104,0
LUNA,2026-04-08,446.1403517386309,448.1413446539966,443.25106172777566,445.69620319088614,0
LUNA,2026-04-09,444.7503539239958,447.74810330416534,443.6708972704178,445.7095002872916,0
LUNA,2026-04-10,438.82683298101074,442.020091297449,436.7612242856931,439.3906577915711,0
LUNA,2026-04-13,442.6023246281554,442.6023246281554,439.9200621019545,441.19296152868674,0
LUNA,2026-04-14,441.2703125481149,444.45720905984933,440.5021902850357,442.4796996724425,0
LUNA,2026-04-15,459.5674628415788,459.5674628415788,457.177948923744,457.5729755071652,0
LUNA,2026-04-16,460.56224390758183,461.148130952219,456.0783876343023,458.6132592932606,0
LUNA,2026-04-17,447.8233541339361,449.6571307523856,445.80097250727306,447.72905162982937,0
LUNA,2026-04-20,445.48328643941926,446.0303761050912,443.2124973621216,444.6214367336064,0
LUNA,2026-04-21,446.7137989627406,448.5295585546096,442.893017977191,445.7112882659003,0
LUNA,2026-04-22,441.5763848198413,441.8930297414548,437.16103573458554,439.5270327380202,0
LUNA,2026-04-23,434.08197130915306,436.16655962829395,434.08197130915306,435.4555528165841,0
LUNA,2026-04-24,435.5643085502361,435.7970128485724,432.2555610403895,434.026286944481,0
LUNA,2026-04-27,435.79873631375426,436.76539584084776,435.79873631375426,436.2898608315994,0
LUNA,2026-04-28,434.90029466707983,438.57784610868833,433.2307651360479,435.90430562236816,0
LUNA,2026-04-29,431.8852451632346,435.6285943826062,427.8759216181192,431.7522580003627,0
LUNA,2026-04-30,436.05172952565516,437.62512891357716,435.0394821582022,436.33230553588965,0
LUNA,2026-05-01,432.7073340326953,435.79373502139856,432.1923234582302,433.99302923981435,0
LUNA,2026-05-04,429.80570447062854,433.385917503814,429.80570447062854,431.87524688967414,0
LUNA,2026-05-05,424.0496981198925,427.25095413307645,423.2522061706231,425.2515801518498,0
LUNA,2026-05-06,423.56050181246,423.9535587853558,419.4924899495537,421.72302436745474,0
LUNA,2026-05-07,428.00738967468016,428.2995732246956,422.7047407827458,425.5021570037207,0
LUNA,2026-05-08,418.596146930884,418.62740031347096,416.93525447760726,417.7813273955391,0
LUNA,2026-05-11,419.37081711384275,420.8691376495742,414.89902035409494,417.88407900183455,0
LUNA,2026-05-12,421.3083840510453,422.8643591147189,421.060914192592,421.96263665365547,0
LUNA,2026-05-13,420.42242779363795,422.4348807882165,418.6046376220254,420.5197592051209,0
LUNA,2026-05-14,422.5538477258352,424.8627765228377,419.52862660170064,422.19570156226916,0
LUNA,2026-05-15,415.68106048188844,419.29685510687176,414.7708720964984,417.0338636016851,0
LUNA,2026-05-18,422.84957866134664,425.0094317628167,422.84957866134664,424.1091116850214,0
LUNA,2026-05-19,430.34828866345686,431.3397892465836,429.1059406845281,430.22286496555586,0
LUNA,2026-05-20,431.5002027020446,433.24352055919223,430.5869497203362,431.9152351397642,0
LUNA,2026-05-21,422.0284109676008,425.0294637336368,421.729085588859,423.3792746612479,0
LUNA,2026-05-22,419.0439404534828,421.192950009274,415.92421285944783,418.5585814343609,0
LUNA,2026-05-25,423.624371550265,424.559716775449,423.3587444630885,423.95923061926874,0
LUNA,2026-05-26,434.5687355017199,435.3786112151065,431.1039037682464,433.2412574916765,0
LUNA,2026-05-27,435.2578400972507,437.53666279032944,432.99254830560625,435.26460554796785,0
LUNA,2026-05-28,441.9163613829347,444.5779895954343,440.05171321148106,442.3148514034577,0
LUNA,2026-05-29,439.75236768310583,441.752296015708,437.4157008164283,439.58399841606814,0
LUNA,2026-06-01,438.8422864504477,442.1583917703816,435.9792565680569,439.0688241692193,0
LUNA,2026-06-02,438.6771852169453,441.74519313087285,437.3710476934498,439.5581204121613,0
LUNA,2026-06-03,441.7484116671376,444.80890702562436,439.7545833432054,442.2817451844149,0
LUNA,2026-06-04,435.6970359066665,436.9485225044786,432.49082609776735,434.71967430112295,0
LUNA,2026-06-05,440.992147966843,443.4774671299444,436.7994875039904,440.1384773169674,0
LUNA,2026-06-08,449.3990366488722,449.3990366488722,447.58190446436714,447.6716136121995,0
LUNA,2026-06-09,439.78378694031403,444.9304167207712,439.1272700876866,442.0288434042289,0
LUNA,2026-06-10,434.86302330161027,436.890663073572,433.8622380769116,435.3764505752418,0
LUNA,2026-06-11,437.14864313587884,439.1980497682149,436.1879768957092,437.69301333196205,0
LUNA,2026-06-12,434.9718097309883,435.643811966767,433.85174118839177,434.7477765775794,0
LUNA,2026-06-15,422.4447589326897,423.1296601960901,422.4447589326897,423.01857168493103,0
LUNA,2026-06-16,426.9548840231303,428.9970618259249,426.2293692367101,427.6132155313175,0
LUNA,2026-06-17,429.8913009870946,430.00988249656615,427.7578875154166,428.8838850059914,0
LUNA,2026-06-18,427.13519279323776,429.03667353485775,424.7775510901516,426.90711231250464,0
LUNA,2026-06-19,436.8205881228197,438.81710280017626,436.8205881228197,438.35443063377704,0
LUNA,2026-06-22,441.3287942024544,442.58583284110887,436.5521101375829,439.56897148934587,0
LUNA,2026-06-23,437.3961341842185,438.07365191231764,434.110562244995,436.09210707865634,0
LUNA,2026-06-24,436.34967747785004,438.63400632685483,435.570623170069,437.1023147484619,0
LUNA,2026-06-25,433.233655748521,433.27138817078895,431.040466772765,432.155927471777,0
LUNA,2026-06-26,427.74963508084886,429.7349545843665,427.6552809276606,428.69511775601353,0
LUNA,2026-06-29,432.61740419881255,432.61740419881255,430.4111857703679,431.16133132284193,0
LUNA,2026-06-30,428.49465013623376,430.0231348382299,427.52656878036703,428.77485180929847,0
